{
	"name": "3_pl_sftp_source_ingetion",
	"properties": {
		"activities": [
			{
				"name": "Lookup1",
				"type": "Lookup",
				"dependsOn": [],
				"policy": {
					"timeout": "0.12:00:00",
					"retry": 0,
					"retryIntervalInSeconds": 30,
					"secureOutput": false,
					"secureInput": false
				},
				"userProperties": [],
				"typeProperties": {
					"source": {
						"type": "AzureDatabricksDeltaLakeSource",
						"query": {
							"value": "@concat(\n\t'select   c.source_ref_name,  c.host_name,  server_name,  c.database_name, c.port,   c.user_name,   c.secret_name,   c.storage_account,   c.adls_url,   c.container_name,  logic_app_url,  p.source_file_or_table_name,   p.adls_file_path,p.source_file_path,   p.bronze_schema,   p.bronze_tbl,   p.silver_schema,  p.silver_tbl,  gold_schema,   p.gold_tbl from ' ,\n\tpipeline().parameters.metadata_database,\n\t'.tbl_source_control as c inner join ',\n\tpipeline().parameters.metadata_database,\n    '.tbl_parameters as p on c.job_id = p.job_id where p.job_id = ',\n\tpipeline().parameters.job_id\n)",
							"type": "Expression"
						}
					},
					"dataset": {
						"referenceName": "ds_deltalake",
						"type": "DatasetReference"
					},
					"firstRowOnly": false
				}
			},
			{
				"name": "ForEach1",
				"type": "ForEach",
				"dependsOn": [
					{
						"activity": "Lookup1",
						"dependencyConditions": [
							"Succeeded"
						]
					}
				],
				"userProperties": [],
				"typeProperties": {
					"items": {
						"value": "@activity('Lookup1').output.value",
						"type": "Expression"
					},
					"isSequential": true,
					"activities": [
						{
							"name": "Copy data1",
							"type": "Copy",
							"dependsOn": [],
							"policy": {
								"timeout": "0.12:00:00",
								"retry": 0,
								"retryIntervalInSeconds": 30,
								"secureOutput": false,
								"secureInput": false
							},
							"userProperties": [],
							"typeProperties": {
								"source": {
									"type": "DelimitedTextSource",
									"storeSettings": {
										"type": "SftpReadSettings",
										"recursive": true,
										"enablePartitionDiscovery": false,
										"disableChunking": false
									},
									"formatSettings": {
										"type": "DelimitedTextReadSettings"
									}
								},
								"sink": {
									"type": "ParquetSink",
									"storeSettings": {
										"type": "AzureBlobFSWriteSettings"
									},
									"formatSettings": {
										"type": "ParquetWriteSettings"
									}
								},
								"enableStaging": false,
								"translator": {
									"type": "TabularTranslator",
									"typeConversion": true,
									"typeConversionSettings": {
										"allowDataTruncation": true,
										"treatBooleanAsNumber": false
									}
								}
							},
							"inputs": [
								{
									"referenceName": "ds_sftp_input",
									"type": "DatasetReference",
									"parameters": {
										"host_name": "@item().server_name",
										"port": "@item().port",
										"user_name": "@item().user_name",
										"sftp_password": "@item().sftp_password",
										"source_sftp_file_path": "@item().source_file_path",
										"file_name": "@item().source_file_or_table_name"
									}
								}
							],
							"outputs": [
								{
									"referenceName": "ds_output_parquet",
									"type": "DatasetReference",
									"parameters": {
										"container_name": "@item().container_name",
										"adls_file_path": "@item().adls_file_path",
										"table_name": "@item().source_file_or_table_name"
									}
								}
							]
						}
					]
				}
			}
		],
		"parameters": {
			"job_id": {
				"type": "string",
				"defaultValue": "103"
			},
			"metadata_database": {
				"type": "string",
				"defaultValue": "metadata_schema"
			}
		},
		"annotations": []
	}
}