{
	"name": "ds_input_sql",
	"properties": {
		"linkedServiceName": {
			"referenceName": "ls_sql_server",
			"type": "LinkedServiceReference",
			"parameters": {
				"server_name": {
					"value": "@dataset().host_name",
					"type": "Expression"
				},
				"database_name": {
					"value": "@dataset().database_name",
					"type": "Expression"
				},
				"user_name": {
					"value": "@dataset().user_name",
					"type": "Expression"
				},
				"sql_password": {
					"value": "@dataset().secret_name",
					"type": "Expression"
				}
			}
		},
		"parameters": {
			"host_name": {
				"type": "string",
				"defaultValue": "DESKTOP-KK4N6FI"
			},
			"database_name": {
				"type": "string",
				"defaultValue": "bhaskar_contoso_db"
			},
			"user_name": {
				"type": "string",
				"defaultValue": "santosh"
			},
			"secret_name": {
				"type": "string",
				"defaultValue": "sql-secret"
			}
		},
		"annotations": [],
		"type": "SqlServerTable",
		"schema": []
	}
}