{
	"name": "ds_input_mysql",
	"properties": {
		"linkedServiceName": {
			"referenceName": "ls_mysql",
			"type": "LinkedServiceReference",
			"parameters": {
				"server_name": {
					"value": "@dataset().host_name",
					"type": "Expression"
				},
				"port": {
					"value": "@dataset().port",
					"type": "Expression"
				},
				"database_name": {
					"value": "@dataset().database_name",
					"type": "Expression"
				},
				"user_name": {
					"value": "@dataset().user_name",
					"type": "Expression"
				},
				"mysql_password": {
					"value": "@dataset().secret_name",
					"type": "Expression"
				}
			}
		},
		"parameters": {
			"host_name": {
				"type": "string",
				"defaultValue": "127.0.0.1"
			},
			"port": {
				"type": "string",
				"defaultValue": "3306"
			},
			"database_name": {
				"type": "string",
				"defaultValue": "santosh_retail_db"
			},
			"user_name": {
				"type": "string",
				"defaultValue": "root"
			},
			"secret_name": {
				"type": "string",
				"defaultValue": "mysql-secret"
			}
		},
		"annotations": [],
		"type": "MySqlTable",
		"schema": []
	}
}