{
	"name": "ds_sftp_input",
	"properties": {
		"linkedServiceName": {
			"referenceName": "ls_sftp",
			"type": "LinkedServiceReference",
			"parameters": {
				"server_name": {
					"value": "@dataset().host_name",
					"type": "Expression"
				},
				"port": {
					"value": "@dataset().port",
					"type": "Expression"
				},
				"user_name": {
					"value": "@dataset().user_name",
					"type": "Expression"
				},
				"sftp_password": {
					"value": "@dataset().sftp_password",
					"type": "Expression"
				}
			}
		},
		"parameters": {
			"host_name": {
				"type": "string",
				"defaultValue": "192.168.1.6"
			},
			"port": {
				"type": "string",
				"defaultValue": "22"
			},
			"user_name": {
				"type": "string",
				"defaultValue": "santosh"
			},
			"sftp_password": {
				"type": "string",
				"defaultValue": "sftp-secret"
			},
			"source_sftp_file_path": {
				"type": "string"
			},
			"file_name": {
				"type": "string"
			}
		},
		"annotations": [],
		"type": "DelimitedText",
		"typeProperties": {
			"location": {
				"type": "SftpLocation",
				"fileName": {
					"value": "@dataset().file_name",
					"type": "Expression"
				},
				"folderPath": {
					"value": "@dataset().source_sftp_file_path",
					"type": "Expression"
				}
			},
			"columnDelimiter": ",",
			"escapeChar": "\\",
			"firstRowAsHeader": true,
			"quoteChar": "\""
		},
		"schema": []
	}
}