{
	"name": "ls_mysql",
	"properties": {
		"parameters": {
			"server_name": {
				"type": "string",
				"defaultValue": "127.0.0.1"
			},
			"port": {
				"type": "string",
				"defaultValue": "3306"
			},
			"database_name": {
				"type": "string",
				"defaultValue": "santosh_retail_db"
			},
			"user_name": {
				"type": "string",
				"defaultValue": "root"
			},
			"mysql_password": {
				"type": "string",
				"defaultValue": "mysql-secret"
			}
		},
		"annotations": [],
		"type": "MySql",
		"typeProperties": {
			"server": "@{linkedService().server_name}",
			"port": "@{linkedService().port}",
			"database": "@{linkedService().database_name}",
			"username": "@{linkedService().user_name}",
			"sslMode": 1,
			"useSystemTrustStore": 0,
			"password": {
				"type": "AzureKeyVaultSecret",
				"store": {
					"referenceName": "ls_akv",
					"type": "LinkedServiceReference"
				},
				"secretName": "mysql-secret"
			},
			"driverVersion": "v2"
		},
		"connectVia": {
			"referenceName": "SelfhostedIR",
			"type": "IntegrationRuntimeReference"
		}
	},
	"type": "Microsoft.DataFactory/factories/linkedservices"
}