{
	"name": "ls_sftp",
	"properties": {
		"parameters": {
			"server_name": {
				"type": "string",
				"defaultValue": "192.168.1.6"
			},
			"port": {
				"type": "string",
				"defaultValue": "22"
			},
			"user_name": {
				"type": "string",
				"defaultValue": "santosh"
			},
			"sftp_password": {
				"type": "string",
				"defaultValue": "sftp-secret"
			}
		},
		"annotations": [],
		"type": "Sftp",
		"typeProperties": {
			"host": "@{linkedService().server_name}",
			"port": "@linkedService().port",
			"skipHostKeyValidation": true,
			"authenticationType": "Basic",
			"userName": "@{linkedService().user_name}",
			"password": {
				"type": "AzureKeyVaultSecret",
				"store": {
					"referenceName": "ls_akv",
					"type": "LinkedServiceReference"
				},
				"secretName": "sftp-secret"
			}
		},
		"connectVia": {
			"referenceName": "SelfhostedIR",
			"type": "IntegrationRuntimeReference"
		}
	},
	"type": "Microsoft.DataFactory/factories/linkedservices"
}