{
	"name": "ls_sql_server",
	"properties": {
		"parameters": {
			"server_name": {
				"type": "string",
				"defaultValue": "DESKTOP-KK4N6FI"
			},
			"database_name": {
				"type": "string",
				"defaultValue": "bhaskar_contoso_db"
			},
			"user_name": {
				"type": "string",
				"defaultValue": "santosh"
			},
			"sql_password": {
				"type": "string",
				"defaultValue": "sql-secret"
			}
		},
		"annotations": [],
		"type": "SqlServer",
		"typeProperties": {
			"server": "@{linkedService().server_name}",
			"database": "@{linkedService().database_name}",
			"encrypt": "optional",
			"trustServerCertificate": false,
			"authenticationType": "Windows",
			"userName": "@{linkedService().user_name}",
			"password": {
				"type": "AzureKeyVaultSecret",
				"store": {
					"referenceName": "ls_akv",
					"type": "LinkedServiceReference"
				},
				"secretName": "sql-secret"
			}
		},
		"connectVia": {
			"referenceName": "SelfhostedIR",
			"type": "IntegrationRuntimeReference"
		}
	},
	"type": "Microsoft.DataFactory/factories/linkedservices"
}